domain,selector
bowood.org,jarrang
thecornishhamperstore.co.uk,jarrang
dashvansales.co.uk,jarrang
dashexpress.co.uk,jarrang
email.dege-skinner.co.uk,jarrang
edenhotelcollection.com,jarrang
exclusive.co.uk,jarrang
islesofscilly-travel.co.uk,jarrang
keycurrency.co.uk,jarrang
lucknampark.co.uk,jarrang
networkcollective.co.uk,jarrang
parkkenmare.com,jarrang
regency.capital,jarrang
scillyflowers.co.uk,jarrang
travelsmith.co.uk,jarrang
trelowarren.com,jarrang
trewithendairy.co.uk,jarrang
wildcard.co.uk,jarrang
adventureline.co.uk,cm
belgravegallery.com,cm
macmillan.org.uk,cm
cornwallchristmasfair.com,cm
flowersbyclowance.co.uk,cm
harlandaccountants.co.uk,cm
icetrikes.co,cm
newlynartschool.co.uk,cm
wwfp.net,cm